Block, Primary Type, Description, Location, Description, Arrest, Domestic, Count, Latitude, Longitude, Unemployed, House, Education, Street_Crime, Label
BLANK,BLANK, SAN LORENZO ,Outside, SAN LORENZO ,TRUE,TRUE,499,37.677, -122.113,582,455316,42,1,1 
BLANK,BLANK, CASTRO VALLEY ,Outside, CASTRO VALLEY ,TRUE,FALSE,172,37.714, -122.022,61,1375810,92,1,1 
BLANK,BLANK, HAYWARD ,Outside, HAYWARD ,FALSE,FALSE,514,37.667, -122.100,582,455316,42,0,0 
BLANK,BLANK, CASTRO VALLEY ,Outside, CASTRO VALLEY ,TRUE,TRUE,713,37.686, -122.063,437,540629,85,0,0 
BLANK,BLANK, SAN LEANDRO ,Outside, SAN LEANDRO ,TRUE,FALSE,1571,37.698, -122.110,618,369258,74,0,0 
BLANK,BLANK, OAKLAND ,Outside, OAKLAND ,TRUE,FALSE,25,37.753, -122.160,707,450489,49,0,0 
BLANK,BLANK, OAKLAND ,Outside, OAKLAND ,TRUE,FALSE,51,37.763, -122.207,672,292067,48,1,1 
BLANK,BLANK, HAYWARD ,Outside, HAYWARD ,FALSE,TRUE,606,37.674, -122.084,582,455316,42,0,0 
BLANK,BLANK, SAN LEANDRO ,Outside, SAN LEANDRO ,FALSE,FALSE,1013,37.695, -122.110,618,369258,74,1,1 
BLANK,BLANK, OAKLAND ,Outside, OAKLAND ,FALSE,TRUE,14,37.760, -122.202,672,292067,48,1,1 
BLANK,BLANK, OAKLAND ,Outside, OAKLAND ,TRUE,FALSE,27,37.765, -122.207,641,406871,59,0,0 
BLANK,BLANK, SAN LEANDRO ,Outside, SAN LEANDRO ,FALSE,TRUE,223,37.713, -122.138,618,369258,74,0,0 
BLANK,BLANK, HAYWARD ,Outside, HAYWARD ,TRUE,TRUE,67,37.663, -122.106,582,455316,42,1,1 
BLANK,BLANK, OAKLAND ,Outside, OAKLAND ,TRUE,TRUE,10,37.742, -122.146,707,450489,49,0,0 
BLANK,BLANK, CASTRO VALLEY ,Outside, CASTRO VALLEY ,FALSE,TRUE,786,37.688, -122.063,437,540629,85,1,1 
BLANK,BLANK, CASTRO VALLEY ,Outside, CASTRO VALLEY ,FALSE,FALSE,936,37.681, -122.075,437,540629,85,1,1 
BLANK,BLANK, SAN LEANDRO ,Outside, SAN LEANDRO ,FALSE,FALSE,749,37.699, -122.110,618,369258,74,0,0 
BLANK,BLANK, HAYWARD ,Outside, HAYWARD ,FALSE,TRUE,500,37.665, -122.120,582,455316,42,0,0 
BLANK,BLANK, OAKLAND ,Outside, OAKLAND ,FALSE,TRUE,7,37.735, -122.140,707,450489,49,1,1 
BLANK,BLANK, HAYWARD ,Outside, HAYWARD ,FALSE,TRUE,561,37.666, -122.115,582,455316,42,1,1 
BLANK,BLANK, SAN LORENZO ,Outside, SAN LORENZO ,TRUE,TRUE,705,37.685, -122.117,683,371115,63,0,0 
BLANK,BLANK, SAN LEANDRO ,Outside, SAN LEANDRO ,FALSE,TRUE,787,37.696, -122.109,618,369258,74,0,0 
BLANK,BLANK, SAN LEANDRO ,Outside, SAN LEANDRO ,TRUE,FALSE,372,37.709, -122.108,437,540629,85,1,1 
BLANK,BLANK, CASTRO VALLEY ,Outside, CASTRO VALLEY ,TRUE,FALSE,1103,37.693, -122.053,61,1375810,92,0,0 
BLANK,BLANK, SAN LEANDRO ,Outside, SAN LEANDRO ,FALSE,FALSE,614,37.702, -122.106,618,369258,74,0,0 
BLANK,BLANK, SUNOL ,Outside, SUNOL ,FALSE,FALSE,9,37.597, -121.928,53,1524089,90,1,1 
BLANK,BLANK, SAN LEANDRO ,Outside, SAN LEANDRO ,FALSE,TRUE,243,37.716, -122.117,618,369258,74,1,1 
BLANK,BLANK, SAN LORENZO ,Outside, SAN LORENZO ,FALSE,TRUE,609,37.683, -122.126,683,371115,63,1,1 
BLANK,BLANK, SUNOL ,Outside, SUNOL ,TRUE,FALSE,3,37.600, -121.884,53,1524089,90,0,0 
BLANK,BLANK, CASTRO VALLEY ,Outside, CASTRO VALLEY ,FALSE,TRUE,225,37.711, -122.064,437,540629,85,0,0 
BLANK,BLANK, CASTRO VALLEY ,Outside, CASTRO VALLEY ,FALSE,TRUE,507,37.704, -122.098,437,540629,85,0,0 
BLANK,BLANK, HAYWARD ,Outside, HAYWARD ,TRUE,TRUE,686,37.692, -122.104,582,455316,42,1,1 
BLANK,BLANK, HAYWARD ,Outside, HAYWARD ,TRUE,TRUE,589,37.678, -122.066,582,455316,42,0,0 
BLANK,BLANK, HAYWARD ,Outside, HAYWARD ,TRUE,FALSE,439,37.679, -122.054,582,455316,42,1,1 
BLANK,BLANK, CASTRO VALLEY ,Outside, CASTRO VALLEY ,TRUE,FALSE,949,37.694, -122.077,437,540629,85,1,1 
BLANK,BLANK, SAN LEANDRO ,Outside, SAN LEANDRO ,FALSE,TRUE,935,37.690, -122.107,618,369258,74,1,1 
BLANK,BLANK, HAYWARD ,Outside, HAYWARD ,TRUE,TRUE,520,37.672, -122.119,582,455316,42,1,1 
BLANK,BLANK, HAYWARD ,Outside, HAYWARD ,FALSE,FALSE,1080,37.669, -122.057,582,455316,42,0,0 
BLANK,BLANK, SAN LEANDRO ,Outside, SAN LEANDRO ,FALSE,FALSE,337,37.707, -122.127,618,369258,74,1,1 
BLANK,BLANK, SAN LEANDRO ,Outside, SAN LEANDRO ,TRUE,TRUE,380,37.706, -122.126,618,369258,74,0,0 
BLANK,BLANK, CASTRO VALLEY ,Outside, CASTRO VALLEY ,TRUE,TRUE,751,37.701, -122.059,437,540629,85,0,0 
BLANK,BLANK, CASTRO VALLEY ,Outside, CASTRO VALLEY ,FALSE,TRUE,62,37.720, -122.082,437,540629,85,0,0 
BLANK,BLANK, CASTRO VALLEY ,Outside, CASTRO VALLEY ,FALSE,FALSE,447,37.708, -122.074,437,540629,85,1,1 
BLANK,BLANK, HAYWARD ,Outside, HAYWARD ,TRUE,TRUE,23,37.656, -122.088,652,374005,70,1,1 
BLANK,BLANK, SAN LORENZO ,Outside, SAN LORENZO ,FALSE,FALSE,957,37.687, -122.114,683,371115,63,0,0 
BLANK,BLANK, SAN LEANDRO ,Outside, SAN LEANDRO ,TRUE,FALSE,426,37.700, -122.118,618,369258,74,1,1 
BLANK,BLANK, CASTRO VALLEY ,Outside, CASTRO VALLEY ,FALSE,FALSE,634,37.703, -122.062,437,540629,85,1,1 
BLANK,BLANK, SAN LORENZO ,Outside, SAN LORENZO ,TRUE,FALSE,715,37.671, -122.123,683,371115,63,0,0 
BLANK,BLANK, HAYWARD ,Outside, HAYWARD ,TRUE,TRUE,70,37.664, -122.077,652,374005,70,1,1 
BLANK,BLANK, HAYWARD ,Outside, HAYWARD ,FALSE,FALSE,785,37.684, -122.056,582,455316,42,1,1 
BLANK,BLANK, HAYWARD ,Outside, HAYWARD ,TRUE,FALSE,546,37.670, -122.117,582,455316,42,0,0 
BLANK,BLANK, HAYWARD ,Outside, HAYWARD ,TRUE,FALSE,388,37.689, -122.105,582,455316,42,0,0 
BLANK,BLANK, CASTRO VALLEY ,Outside, CASTRO VALLEY ,TRUE,FALSE,382,37.691, -122.094,437,540629,85,1,1 
BLANK,BLANK, LIVERMORE ,Outside, LIVERMORE ,FALSE,FALSE,588,37.676, -121.805,224,838883,74,1,1 
BLANK,BLANK, CASTRO VALLEY ,Outside, CASTRO VALLEY ,TRUE,FALSE,995,37.697, -122.047,61,1375810,92,1,1 
BLANK,BLANK, DUBLIN ,Outside, DUBLIN ,FALSE,FALSE,489,37.705, -121.928,51,1035501,93,0,0 
BLANK,BLANK, HAYWARD ,Outside, HAYWARD ,FALSE,TRUE,594,37.668, -122.117,582,455316,42,0,0 
BLANK,BLANK, CASTRO VALLEY ,Outside, CASTRO VALLEY ,TRUE,TRUE,69,37.718, -122.057,61,1375810,92,0,0 
BLANK,BLANK, OAKLAND ,Outside, OAKLAND ,TRUE,FALSE,20,37.729, -122.188,638,244144,44,1,1 
BLANK,BLANK, SAN LEANDRO ,Outside, SAN LEANDRO ,TRUE,FALSE,873,37.710, -122.123,618,369258,74,0,0 
BLANK,BLANK, SAN LORENZO ,Outside, SAN LORENZO ,TRUE,TRUE,961,37.675, -122.120,582,455316,42,1,1 
BLANK,BLANK, SAN LORENZO ,Outside, SAN LORENZO ,TRUE,FALSE,470,37.673, -122.125,683,371115,63,1,1 
BLANK,BLANK, CASTRO VALLEY ,Outside, CASTRO VALLEY ,TRUE,TRUE,111,37.719, -122.082,437,540629,85,0,0 
BLANK,BLANK, SUNOL ,Outside, SUNOL ,FALSE,FALSE,6,37.606, -121.893,53,1524089,90,1,1 
BLANK,BLANK, CASTRO VALLEY ,Outside, CASTRO VALLEY ,FALSE,TRUE,179,37.712, -122.076,437,540629,85,0,0 
BLANK,BLANK, HAYWARD ,Outside, HAYWARD ,FALSE,TRUE,614,37.682, -122.109,582,455316,42,1,1 
BLANK,BLANK, SAN LEANDRO ,Outside, SAN LEANDRO ,FALSE,TRUE,446,37.715, -122.122,618,369258,74,1,1 
BLANK,BLANK, OAKLAND ,Outside, OAKLAND ,TRUE,FALSE,13,37.773, -122.191,707,450489,49,0,0 
BLANK,BLANK, CASTRO VALLEY ,Outside, CASTRO VALLEY ,TRUE,FALSE,36,37.723, -122.091,437,540629,85,1,1 
BLANK,BLANK, HAYWARD ,Outside, HAYWARD ,FALSE,TRUE,12,37.635, -122.053,652,374005,70,0,0 
BLANK,BLANK, HAYWARD ,Outside, HAYWARD ,FALSE,TRUE,23,37.629, -122.095,553,366138,49,1,1 
BLANK,BLANK, FREMONT ,Outside, FREMONT ,TRUE,TRUE,39,37.565, -121.962,518,571442,87,1,1 
BLANK,BLANK, SAN LORENZO ,Outside, SAN LORENZO ,FALSE,FALSE,713,37.680, -122.131,683,371115,63,1,1 
BLANK,BLANK, CASTRO VALLEY ,Outside, CASTRO VALLEY ,FALSE,TRUE,102,37.717, -122.089,437,540629,85,0,0 
BLANK,BLANK, LIVERMORE ,Outside, LIVERMORE ,FALSE,FALSE,37,37.655, -121.798,224,838883,74,1,1 
BLANK,BLANK, CASTRO VALLEY ,Outside, CASTRO VALLEY ,FALSE,FALSE,23,37.721, -122.076,437,540629,85,0,0 
BLANK,BLANK, LIVERMORE ,Outside, LIVERMORE ,FALSE,FALSE,17,37.639, -121.714,224,838883,74,0,0 
BLANK,BLANK, HAYWARD ,Outside, HAYWARD ,TRUE,TRUE,42,37.661, -122.025,633,599572,84,0,0 
BLANK,BLANK, AA ,Outside, AA ,FALSE,FALSE,10,37.756, -122.254,476,741196,98,1,1 
BLANK,BLANK, HAYWARD ,Outside, HAYWARD ,FALSE,FALSE,1,37.617, -122.041,652,374005,70,1,1 
BLANK,BLANK, HAYWARD ,Outside, HAYWARD ,TRUE,FALSE,9,37.613, -122.072,553,366138,49,1,1 
BLANK,BLANK, OAKLAND ,Outside, OAKLAND ,FALSE,FALSE,14,37.778, -122.229,641,406871,59,1,1 
BLANK,BLANK, LIVERMORE ,Outside, LIVERMORE ,TRUE,FALSE,18,37.647, -121.697,224,838883,74,1,1 
BLANK,BLANK, CASTRO VALLEY ,Outside, CASTRO VALLEY ,TRUE,TRUE,10,37.740, -122.025,61,1375810,92,1,1 
BLANK,BLANK, HAYWARD ,Outside, HAYWARD ,TRUE,FALSE,38,37.660, -122.078,652,374005,70,0,0 
BLANK,BLANK, OAKLAND ,Outside, OAKLAND ,TRUE,FALSE,2,37.816, -122.247,239,840813,74,1,1 
BLANK,BLANK, CASTRO VALLEY ,Outside, CASTRO VALLEY ,FALSE,TRUE,7,37.731, -122.059,61,1375810,92,1,1 
BLANK,BLANK, OAKLAND ,Outside, OAKLAND ,FALSE,TRUE,15,37.795, -122.265,597,555140,96,0,0 
BLANK,BLANK, HAYWARD ,Outside, HAYWARD ,TRUE,FALSE,61,37.662, -122.088,582,455316,42,0,0 
BLANK,BLANK, OAKLAND ,Outside, OAKLAND ,TRUE,TRUE,9,37.793, -122.258,597,555140,96,0,0 
BLANK,BLANK, OAKLAND ,Outside, OAKLAND ,TRUE,TRUE,2,37.796, -122.260,597,555140,96,0,0 
BLANK,BLANK, OAKLAND ,Outside, OAKLAND ,TRUE,TRUE,9,37.775, -122.239,736,350248,56,0,0 
BLANK,BLANK, CASTRO VALLEY ,Outside, CASTRO VALLEY ,FALSE,TRUE,24,37.722, -122.084,437,540629,85,0,0 
BLANK,BLANK, HAYWARD ,Outside, HAYWARD ,FALSE,TRUE,24,37.659, -122.095,652,374005,70,0,0 
BLANK,BLANK, OAKLAND ,Outside, OAKLAND ,TRUE,FALSE,24,37.800, -122.262,711,380472,71,0,0 
BLANK,BLANK, FREMONT ,Outside, FREMONT ,FALSE,TRUE,14,37.574, -121.972,518,571442,87,0,0 
BLANK,BLANK, LIVERMORE ,Outside, LIVERMORE ,TRUE,FALSE,26,37.633, -121.672,224,838883,74,0,0 
BLANK,BLANK, PLEASANTON ,Outside, PLEASANTON ,FALSE,TRUE,22,37.637, -121.871,59,1172192,92,0,0 
BLANK,BLANK, SUNOL ,Outside, SUNOL ,FALSE,FALSE,5,37.604, -121.879,53,1524089,90,1,1 
BLANK,BLANK, FREMONT ,Outside, FREMONT ,FALSE,FALSE,12,37.573, -121.978,518,571442,87,0,0 
BLANK,BLANK, LIVERMORE ,Outside, LIVERMORE ,TRUE,FALSE,6,37.607, -121.832,53,1524089,90,0,0 
BLANK,BLANK, UNION CITY ,Outside, UNION CITY ,FALSE,FALSE,4,37.590, -122.002,611,518028,50,1,1 
BLANK,BLANK, UNION CITY ,Outside, UNION CITY ,TRUE,TRUE,6,37.605, -122.025,611,518028,50,0,0 
BLANK,BLANK, OAKLAND ,Outside, OAKLAND ,FALSE,FALSE,6,37.802, -122.262,711,380472,71,0,0 
BLANK,BLANK, CASTRO VALLEY ,Outside, CASTRO VALLEY ,FALSE,TRUE,15,37.758, -122.029,61,1375810,92,1,1 
BLANK,BLANK, SUNOL ,Outside, SUNOL ,TRUE,FALSE,13,37.601, -121.874,53,1524089,90,1,1 
BLANK,BLANK, SUNOL ,Outside, SUNOL ,TRUE,FALSE,7,37.561, -121.885,53,1524089,90,0,0 
BLANK,BLANK, LIVERMORE ,Outside, LIVERMORE ,TRUE,TRUE,3,37.392, -121.490,224,838883,74,0,0 
BLANK,BLANK, SUNOL ,Outside, SUNOL ,TRUE,TRUE,4,37.624, -121.910,53,1524089,90,1,1 
BLANK,BLANK, UNION CITY ,Outside, UNION CITY ,FALSE,FALSE,8,37.579, -122.025,611,518028,50,1,1 
BLANK,BLANK, LIVERMORE ,Outside, LIVERMORE ,TRUE,TRUE,1,37.643, -121.791,224,838883,74,1,1 
BLANK,BLANK, LIVERMORE ,Outside, LIVERMORE ,TRUE,TRUE,35,37.738, -121.670,425,584212,55,0,0 
BLANK,BLANK, CASTRO VALLEY ,Outside, CASTRO VALLEY ,TRUE,TRUE,24,37.725, -122.057,61,1375810,92,1,1 
BLANK,BLANK, BERKELEY ,Outside, BERKELEY ,FALSE,FALSE,2,37.874, -122.268,618,695500,99,1,1 
BLANK,BLANK, OAKLAND ,Outside, OAKLAND ,FALSE,TRUE,5,37.789, -122.230,641,406871,59,1,1 
BLANK,BLANK, LIVERMORE ,Outside, LIVERMORE ,FALSE,FALSE,36,37.741, -121.581,425,584212,55,0,0 
BLANK,BLANK, LIVERMORE ,Outside, LIVERMORE ,TRUE,FALSE,4,37.749, -121.577,425,584212,55,0,0 
BLANK,BLANK, UNION CITY ,Outside, UNION CITY ,FALSE,FALSE,1,37.592, -122.078,611,518028,50,0,0 
BLANK,BLANK, SUNOL ,Outside, SUNOL ,TRUE,FALSE,4,37.562, -121.885,53,1524089,90,1,1 
BLANK,BLANK, LIVERMORE ,Outside, LIVERMORE ,FALSE,TRUE,26,37.754, -121.575,425,584212,55,0,0 
BLANK,BLANK, SUNOL ,Outside, SUNOL ,TRUE,FALSE,14,37.594, -121.887,53,1524089,90,0,0 
BLANK,BLANK, CASTRO VALLEY ,Outside, CASTRO VALLEY ,TRUE,TRUE,41,37.724, -122.089,437,540629,85,1,1 
BLANK,BLANK, PLEASANTON ,Outside, PLEASANTON ,FALSE,TRUE,6,37.641, -121.872,59,1172192,92,1,1 
BLANK,BLANK, OAKLAND ,Outside, OAKLAND ,FALSE,FALSE,1,37.846, -122.282,628,439515,75,0,0 
BLANK,BLANK, SUNOL ,Outside, SUNOL ,TRUE,FALSE,13,37.591, -121.936,53,1524089,90,1,1 
BLANK,BLANK, HAYWARD ,Outside, HAYWARD ,TRUE,TRUE,5,37.632, -122.100,553,366138,49,0,0 
BLANK,BLANK, HAYWARD ,Outside, HAYWARD ,FALSE,FALSE,33,37.653, -122.110,582,455316,42,0,0 
BLANK,BLANK, LIVERMORE ,Outside, LIVERMORE ,TRUE,TRUE,14,37.809, -121.559,425,584212,55,0,0 
BLANK,BLANK, OAKLAND ,Outside, OAKLAND ,FALSE,TRUE,2,37.781, -122.235,641,406871,59,0,0 
BLANK,BLANK, LIVERMORE ,Outside, LIVERMORE ,TRUE,TRUE,9,37.732, -121.594,224,838883,74,0,0 
BLANK,BLANK, HAYWARD ,Outside, HAYWARD ,TRUE,TRUE,9,37.609, -122.024,652,374005,70,1,1 
BLANK,BLANK, HAYWARD ,Outside, HAYWARD ,TRUE,TRUE,9,37.654, -122.099,652,374005,70,1,1 
BLANK,BLANK, LIVERMORE ,Outside, LIVERMORE ,FALSE,TRUE,41,37.739, -121.591,425,584212,55,1,1 
BLANK,BLANK, SUNOL ,Outside, SUNOL ,FALSE,TRUE,6,37.636, -121.956,61,1375810,92,1,1 
BLANK,BLANK, LIVERMORE ,Outside, LIVERMORE ,TRUE,TRUE,10,37.620, -121.810,224,838883,74,1,1 
BLANK,BLANK, SUNOL ,Outside, SUNOL ,FALSE,TRUE,13,37.599, -121.878,53,1524089,90,1,1 
BLANK,BLANK, PLEASANTON ,Outside, PLEASANTON ,TRUE,TRUE,36,37.652, -121.869,59,1172192,92,1,1 
BLANK,BLANK, OAKLAND ,Outside, OAKLAND ,FALSE,FALSE,20,37.799, -122.189,492,536943,52,0,0 
BLANK,BLANK, FREMONT ,Outside, FREMONT ,TRUE,TRUE,1,37.566, -121.961,518,571442,87,0,0 
BLANK,BLANK, LIVERMORE ,Outside, LIVERMORE ,FALSE,FALSE,10,37.649, -121.653,224,838883,74,0,0 
BLANK,BLANK, CASTRO VALLEY ,Outside, CASTRO VALLEY ,TRUE,FALSE,10,37.727, -122.062,61,1375810,92,1,1 
BLANK,BLANK, NEWARK ,Outside, NEWARK ,FALSE,FALSE,1,37.514, -121.995,562,469965,41,1,1 
BLANK,BLANK, HAYWARD ,Outside, HAYWARD ,FALSE,TRUE,15,37.644, -122.081,652,374005,70,0,0 
BLANK,BLANK, HAYWARD ,Outside, HAYWARD ,TRUE,FALSE,19,37.658, -122.112,582,455316,42,0,0 
BLANK,BLANK, OAKLAND ,Outside, OAKLAND ,FALSE,FALSE,2,37.840, -122.196,66,1067189,93,0,0 
BLANK,BLANK, SAN LEANDRO ,Outside, SAN LEANDRO ,FALSE,FALSE,8,37.728, -122.145,777,460927,77,0,0 
BLANK,BLANK, OAKLAND ,Outside, OAKLAND ,TRUE,FALSE,10,37.759, -122.198,672,292067,48,1,1 
BLANK,BLANK, OAKLAND ,Outside, OAKLAND ,FALSE,TRUE,2,37.844, -122.224,66,1067189,93,0,0 
BLANK,BLANK, LIVERMORE ,Outside, LIVERMORE ,TRUE,TRUE,10,37.737, -121.568,224,838883,74,1,1 
BLANK,BLANK, HAYWARD ,Outside, HAYWARD ,TRUE,TRUE,2,37.618, -122.062,652,374005,70,1,1 
BLANK,BLANK, HAYWARD ,Outside, HAYWARD ,FALSE,TRUE,12,37.648, -122.080,652,374005,70,0,0 
BLANK,BLANK, OAKLAND ,Outside, OAKLAND ,TRUE,TRUE,1,37.808, -122.250,239,840813,74,0,0 
BLANK,BLANK, OAKLAND ,Outside, OAKLAND ,FALSE,FALSE,14,37.787, -122.209,492,536943,52,1,1 
BLANK,BLANK, LIVERMORE ,Outside, LIVERMORE ,FALSE,TRUE,7,37.626, -121.756,224,838883,74,0,0 
BLANK,BLANK, CASTRO VALLEY ,Outside, CASTRO VALLEY ,TRUE,FALSE,14,37.726, -122.060,61,1375810,92,1,1 
BLANK,BLANK, UNION CITY ,Outside, UNION CITY ,TRUE,FALSE,6,37.588, -122.026,611,518028,50,1,1 
BLANK,BLANK, PLEASANTON ,Outside, PLEASANTON ,TRUE,FALSE,30,37.657, -121.880,59,1172192,92,1,1 
BLANK,BLANK, DUBLIN ,Outside, DUBLIN ,TRUE,TRUE,6,37.730, -121.871,51,1035501,93,0,0 
BLANK,BLANK, PLEASANTON ,Outside, PLEASANTON ,TRUE,TRUE,13,37.651, -121.904,207,931689,78,0,0 
BLANK,BLANK, OAKLAND ,Outside, OAKLAND ,FALSE,TRUE,2,37.805, -122.272,711,380472,71,0,0 
BLANK,BLANK, FREMONT ,Outside, FREMONT ,FALSE,TRUE,4,37.553, -121.969,638,548320,60,0,0 
BLANK,BLANK, LIVERMORE ,Outside, LIVERMORE ,TRUE,TRUE,11,37.757, -121.733,425,584212,55,1,1 
BLANK,BLANK, NEWARK ,Outside, NEWARK ,TRUE,TRUE,6,37.538, -122.034,562,469965,41,0,0 
BLANK,BLANK, OAKLAND ,Outside, OAKLAND ,FALSE,TRUE,3,37.785, -122.214,641,406871,59,1,1 
BLANK,BLANK, CASTRO VALLEY ,Outside, CASTRO VALLEY ,TRUE,FALSE,10,37.733, -122.057,61,1375810,92,1,1 
BLANK,BLANK, OAKLAND ,Outside, OAKLAND ,FALSE,TRUE,6,37.838, -122.206,66,1067189,93,1,1 
BLANK,BLANK, SUNOL ,Outside, SUNOL ,TRUE,TRUE,1,37.623, -121.944,61,1375810,92,0,0 
BLANK,BLANK, UNION CITY ,Outside, UNION CITY ,TRUE,FALSE,1,37.598, -122.057,611,518028,50,0,0 
BLANK,BLANK, HAYWARD ,Outside, HAYWARD ,TRUE,TRUE,3,37.610, -122.084,553,366138,49,1,1 
BLANK,BLANK, CASTRO VALLEY ,Outside, CASTRO VALLEY ,TRUE,TRUE,8,37.734, -122.057,61,1375810,92,1,1 
BLANK,BLANK, LIVERMORE ,Outside, LIVERMORE ,TRUE,TRUE,5,37.564, -121.601,224,838883,74,1,1 
BLANK,BLANK, UNION CITY ,Outside, UNION CITY ,TRUE,FALSE,8,37.583, -122.009,611,518028,50,1,1 
BLANK,BLANK, AB ,Outside, AB ,FALSE,TRUE,1,37.889, -122.284,464,556474,71,0,0 
BLANK,BLANK, SUNOL ,Outside, SUNOL ,FALSE,TRUE,5,37.628, -121.912,53,1524089,90,0,0 
BLANK,BLANK, LIVERMORE ,Outside, LIVERMORE ,TRUE,TRUE,15,37.750, -121.576,425,584212,55,0,0 
BLANK,BLANK, LIVERMORE ,Outside, LIVERMORE ,FALSE,FALSE,8,37.640, -121.714,224,838883,74,0,0 
BLANK,BLANK, SUNOL ,Outside, SUNOL ,FALSE,FALSE,12,37.558, -121.914,53,1524089,90,1,1 
BLANK,BLANK, LIVERMORE ,Outside, LIVERMORE ,TRUE,FALSE,3,37.638, -121.714,224,838883,74,0,0 
BLANK,BLANK, OAKLAND ,Outside, OAKLAND ,TRUE,FALSE,25,37.744, -122.154,638,244144,44,1,1 
BLANK,BLANK, OAKLAND ,Outside, OAKLAND ,TRUE,TRUE,20,37.772, -122.197,641,406871,59,0,0 
BLANK,BLANK, OAKLAND ,Outside, OAKLAND ,TRUE,TRUE,48,37.752, -122.185,672,292067,48,1,1 
BLANK,BLANK, OAKLAND ,Outside, OAKLAND ,TRUE,FALSE,18,37.771, -122.219,641,406871,59,1,1 
BLANK,BLANK, OAKLAND ,Outside, OAKLAND ,TRUE,FALSE,10,37.770, -122.220,641,406871,59,0,0 
BLANK,BLANK, FREMONT ,Outside, FREMONT ,FALSE,FALSE,5,37.568, -121.972,518,571442,87,1,1 
BLANK,BLANK, OAKLAND ,Outside, OAKLAND ,TRUE,TRUE,18,37.761, -122.199,672,292067,48,1,1 
BLANK,BLANK, OAKLAND ,Outside, OAKLAND ,FALSE,TRUE,19,37.764, -122.225,641,406871,59,1,1 
BLANK,BLANK, UNION CITY ,Outside, UNION CITY ,TRUE,TRUE,1,37.587, -122.051,611,518028,50,1,1 
BLANK,BLANK, UNION CITY ,Outside, UNION CITY ,FALSE,TRUE,3,37.586, -122.051,611,518028,50,1,1 
BLANK,BLANK, FREMONT ,Outside, FREMONT ,FALSE,TRUE,2,37.510, -121.989,638,548320,60,0,0 
BLANK,BLANK, FREMONT ,Outside, FREMONT ,TRUE,TRUE,5,37.521, -121.969,638,548320,60,1,1 
BLANK,BLANK, LIVERMORE ,Outside, LIVERMORE ,TRUE,FALSE,9,37.748, -121.747,425,584212,55,0,0 
BLANK,BLANK, LIVERMORE ,Outside, LIVERMORE ,TRUE,TRUE,7,37.596, -121.657,224,838883,74,0,0 
BLANK,BLANK, SUNOL ,Outside, SUNOL ,TRUE,FALSE,7,37.631, -121.902,59,1172192,92,1,1 
BLANK,BLANK, FREMONT ,Outside, FREMONT ,TRUE,FALSE,2,37.552, -122.085,810,498732,61,0,0 
BLANK,BLANK, CASTRO VALLEY ,Outside, CASTRO VALLEY ,FALSE,TRUE,4,37.779, -122.068,61,1375810,92,0,0 
BLANK,BLANK, AA ,Outside, AA ,FALSE,TRUE,5,37.774, -122.267,476,741196,98,0,0 
BLANK,BLANK, HAYWARD ,Outside, HAYWARD ,FALSE,TRUE,8,37.611, -122.097,553,366138,49,0,0 
BLANK,BLANK, SUNOL ,Outside, SUNOL ,TRUE,FALSE,7,37.576, -121.881,53,1524089,90,1,1 
BLANK,BLANK, SUNOL ,Outside, SUNOL ,FALSE,TRUE,4,37.557, -121.897,53,1524089,90,1,1 
BLANK,BLANK, OAKLAND ,Outside, OAKLAND ,TRUE,TRUE,2,37.835, -122.258,539,569933,77,0,0 
BLANK,BLANK, OAKLAND ,Outside, OAKLAND ,TRUE,TRUE,33,37.743, -122.152,707,450489,49,1,1 
BLANK,BLANK, OAKLAND ,Outside, OAKLAND ,FALSE,FALSE,23,37.755, -122.195,672,292067,48,0,0 
BLANK,BLANK, LIVERMORE ,Outside, LIVERMORE ,TRUE,TRUE,17,37.745, -121.604,425,584212,55,1,1 
BLANK,BLANK, SUNOL ,Outside, SUNOL ,FALSE,TRUE,3,37.627, -121.912,53,1524089,90,0,0 
BLANK,BLANK, HAYWARD ,Outside, HAYWARD ,TRUE,FALSE,2,37.619, -122.032,652,374005,70,0,0 
BLANK,BLANK, SUNOL ,Outside, SUNOL ,TRUE,TRUE,1,37.556, -121.886,53,1524089,90,0,0 
BLANK,BLANK, LIVERMORE ,Outside, LIVERMORE ,FALSE,FALSE,4,37.642, -121.716,224,838883,74,0,0 
BLANK,BLANK, LIVERMORE ,Outside, LIVERMORE ,FALSE,TRUE,2,37.608, -121.673,224,838883,74,0,0 
BLANK,BLANK, OAKLAND ,Outside, OAKLAND ,TRUE,FALSE,4,37.797, -122.244,736,350248,56,1,1 
BLANK,BLANK, OAKLAND ,Outside, OAKLAND ,FALSE,TRUE,3,37.801, -122.277,597,555140,96,1,1 
BLANK,BLANK, OAKLAND ,Outside, OAKLAND ,FALSE,TRUE,5,37.803, -122.262,711,380472,71,1,1 
BLANK,BLANK, OAKLAND ,Outside, OAKLAND ,FALSE,FALSE,2,37.807, -122.263,711,380472,71,0,0 
BLANK,BLANK, OAKLAND ,Outside, OAKLAND ,FALSE,FALSE,6,37.791, -122.220,641,406871,59,1,1 
BLANK,BLANK, OAKLAND ,Outside, OAKLAND ,FALSE,TRUE,6,37.768, -122.225,641,406871,59,1,1 
BLANK,BLANK, OAKLAND ,Outside, OAKLAND ,FALSE,TRUE,1,37.832, -122.250,66,1067189,93,1,1 
BLANK,BLANK, SUNOL ,Outside, SUNOL ,FALSE,FALSE,1,37.533, -121.806,53,1524089,90,1,1 
BLANK,BLANK, OAKLAND ,Outside, OAKLAND ,TRUE,FALSE,2,37.815, -122.242,239,840813,74,1,1 
BLANK,BLANK, LIVERMORE ,Outside, LIVERMORE ,FALSE,FALSE,2,37.567, -121.604,224,838883,74,0,0 
BLANK,BLANK, BERKELEY ,Outside, BERKELEY ,TRUE,TRUE,1,37.850, -122.286,502,577625,58,0,0 
BLANK,BLANK, LIVERMORE ,Outside, LIVERMORE ,TRUE,FALSE,25,37.736, -121.562,224,838883,74,1,1 
BLANK,BLANK, FREMONT ,Outside, FREMONT ,TRUE,FALSE,1,37.490, -121.929,64,1441158,92,0,0 
BLANK,BLANK, OAKLAND ,Outside, OAKLAND ,FALSE,FALSE,14,37.783, -122.176,492,536943,52,0,0 
BLANK,BLANK, OAKLAND ,Outside, OAKLAND ,TRUE,TRUE,1,37.812, -122.278,597,555140,96,1,1 
BLANK,BLANK, LIVERMORE ,Outside, LIVERMORE ,FALSE,FALSE,1,37.542, -121.581,224,838883,74,1,1 
BLANK,BLANK, FREMONT ,Outside, FREMONT ,TRUE,TRUE,4,37.551, -121.976,638,548320,60,0,0 
BLANK,BLANK, LIVERMORE ,Outside, LIVERMORE ,FALSE,FALSE,2,37.484, -121.833,53,1524089,90,0,0 
BLANK,BLANK, ANTIOCH ,Outside, ANTIOCH ,FALSE,FALSE,2,37.575, -121.982,518,571442,87,0,0 
BLANK,BLANK, SUNOL ,Outside, SUNOL ,FALSE,FALSE,1,37.571, -121.893,53,1524089,90,1,1 
BLANK,BLANK, OAKLAND ,Outside, OAKLAND ,TRUE,TRUE,26,37.767, -122.185,707,450489,49,0,0 
BLANK,BLANK, FREMONT ,Outside, FREMONT ,FALSE,FALSE,3,37.534, -121.971,638,548320,60,1,1 
BLANK,BLANK, OAKLAND ,Outside, OAKLAND ,TRUE,TRUE,2,37.804, -122.261,711,380472,71,1,1 
BLANK,BLANK, FREMONT ,Outside, FREMONT ,FALSE,TRUE,1,37.555, -121.984,518,571442,87,1,1 
BLANK,BLANK, CASTRO VALLEY ,Outside, CASTRO VALLEY ,FALSE,TRUE,10,37.751, -122.057,61,1375810,92,0,0 
BLANK,BLANK, FREMONT ,Outside, FREMONT ,FALSE,TRUE,5,37.580, -121.964,518,571442,87,0,0 
BLANK,BLANK, NEWARK ,Outside, NEWARK ,FALSE,FALSE,2,37.550, -122.048,562,469965,41,1,1 
BLANK,BLANK, LIVERMORE ,Outside, LIVERMORE ,TRUE,TRUE,18,37.645, -121.782,224,838883,74,1,1 
BLANK,BLANK, OAKLAND ,Outside, OAKLAND ,FALSE,TRUE,1,37.821, -122.263,539,569933,77,0,0 
BLANK,BLANK, SUNOL ,Outside, SUNOL ,FALSE,FALSE,2,37.570, -121.896,53,1524089,90,1,1 
BLANK,BLANK, OAKLAND ,Outside, OAKLAND ,FALSE,TRUE,9,37.747, -122.187,672,292067,48,1,1 
BLANK,BLANK, OAKLAND ,Outside, OAKLAND ,TRUE,TRUE,7,37.788, -122.245,736,350248,56,1,1 
BLANK,BLANK, OAKLAND ,Outside, OAKLAND ,TRUE,FALSE,4,37.766, -122.176,707,450489,49,0,0 
BLANK,BLANK, LIVERMORE ,Outside, LIVERMORE ,TRUE,TRUE,3,37.792, -121.589,425,584212,55,0,0 
BLANK,BLANK, OAKLAND ,Outside, OAKLAND ,TRUE,TRUE,1,37.827, -122.275,628,439515,75,1,1 
BLANK,BLANK, SUNOL ,Outside, SUNOL ,FALSE,FALSE,1,37.612, -121.880,53,1524089,90,0,0 
BLANK,BLANK, LIVERMORE ,Outside, LIVERMORE ,FALSE,TRUE,7,37.650, -121.654,224,838883,74,1,1 
BLANK,BLANK, OAKLAND ,Outside, OAKLAND ,TRUE,FALSE,2,37.784, -122.227,641,406871,59,1,1 
BLANK,BLANK, OAKLAND ,Outside, OAKLAND ,FALSE,FALSE,4,37.794, -122.258,736,350248,56,0,0 
BLANK,BLANK, OAKLAND ,Outside, OAKLAND ,FALSE,FALSE,16,37.769, -122.231,641,406871,59,0,0 
BLANK,BLANK, LIVERMORE ,Outside, LIVERMORE ,FALSE,TRUE,1,37.621, -121.754,224,838883,74,0,0 
BLANK,BLANK, FREMONT ,Outside, FREMONT ,TRUE,TRUE,2,37.578, -122.028,810,498732,61,0,0 
BLANK,BLANK, FREMONT ,Outside, FREMONT ,TRUE,TRUE,4,37.584, -121.999,518,571442,87,1,1 
BLANK,BLANK, LIVERMORE ,Outside, LIVERMORE ,FALSE,TRUE,9,37.646, -121.719,224,838883,74,0,0 
BLANK,BLANK, SUNOL ,Outside, SUNOL ,FALSE,TRUE,2,37.625, -121.945,611,518028,50,0,0 
BLANK,BLANK, OAKLAND ,Outside, OAKLAND ,FALSE,TRUE,1,37.852, -122.266,539,569933,77,1,1 
BLANK,BLANK, HAYWARD ,Outside, HAYWARD ,TRUE,TRUE,1,37.630, -122.041,652,374005,70,0,0 
BLANK,BLANK, SUNOL ,Outside, SUNOL ,TRUE,TRUE,1,37.622, -121.907,53,1524089,90,0,0 
BLANK,BLANK, OAKLAND ,Outside, OAKLAND ,TRUE,FALSE,5,37.798, -122.276,597,555140,96,1,1 
BLANK,BLANK, FREMONT ,Outside, FREMONT ,TRUE,TRUE,1,37.482, -121.941,638,548320,60,1,1 
BLANK,BLANK, SUNOL ,Outside, SUNOL ,FALSE,TRUE,2,37.593, -121.885,53,1524089,90,0,0 
BLANK,BLANK, OAKLAND ,Outside, OAKLAND ,FALSE,TRUE,2,37.825, -122.256,66,1067189,93,0,0 
BLANK,BLANK, OAKLAND ,Outside, OAKLAND ,FALSE,TRUE,2,37.811, -122.262,711,380472,71,1,1 
BLANK,BLANK, SUNOL ,Outside, SUNOL ,FALSE,FALSE,1,37.585, -121.873,53,1524089,90,1,1 
BLANK,BLANK, LIVERMORE ,Outside, LIVERMORE ,FALSE,FALSE,1,37.500, -121.537,224,838883,74,1,1 
BLANK,BLANK, OAKLAND ,Outside, OAKLAND ,TRUE,TRUE,2,37.776, -122.224,641,406871,59,0,0 
BLANK,BLANK, OAKLAND ,Outside, OAKLAND ,TRUE,FALSE,2,37.829, -122.290,628,439515,75,0,0 
BLANK,BLANK, FREMONT ,Outside, FREMONT ,FALSE,FALSE,1,37.523, -121.976,638,548320,60,0,0 
BLANK,BLANK, FREMONT ,Outside, FREMONT ,TRUE,TRUE,1,37.520, -121.981,638,548320,60,1,1 
BLANK,BLANK, OAKLAND ,Outside, OAKLAND ,TRUE,FALSE,1,37.848, -122.285,628,439515,75,1,1 
BLANK,BLANK, OAKLAND ,Outside, OAKLAND ,TRUE,TRUE,1,37.813, -122.266,711,380472,71,0,0 
BLANK,BLANK, FREMONT ,Outside, FREMONT ,FALSE,TRUE,1,37.540, -122.012,518,571442,87,1,1 
BLANK,BLANK, OAKLAND ,Outside, OAKLAND ,FALSE,FALSE,2,37.814, -122.201,66,1067189,93,1,1 
BLANK,BLANK, OAKLAND ,Outside, OAKLAND ,FALSE,TRUE,1,37.806, -122.273,711,380472,71,1,1 
BLANK,BLANK, SUNOL ,Outside, SUNOL ,TRUE,FALSE,2,37.544, -121.857,53,1524089,90,1,1 
BLANK,BLANK, FREMONT ,Outside, FREMONT ,FALSE,TRUE,2,37.470, -121.919,64,1441158,92,0,0 
BLANK,BLANK, PALIO ALTO ,Outside, PALIO ALTO ,TRUE,TRUE,1,37.438, -122.172,618,369258,74,1,1 
BLANK,BLANK, OAKLAND ,Outside, OAKLAND ,TRUE,TRUE,1,37.841, -122.264,539,569933,77,1,1 
BLANK,BLANK, LIVERMORE ,Outside, LIVERMORE ,FALSE,FALSE,1,37.536, -121.853,53,1524089,90,0,0 
BLANK,BLANK, LIVERMORE ,Outside, LIVERMORE ,FALSE,FALSE,1,37.786, -121.582,425,584212,55,0,0 
BLANK,BLANK, FREMONT ,Outside, FREMONT ,TRUE,TRUE,2,37.577, -121.972,518,571442,87,0,0 
BLANK,BLANK, SUNOL ,Outside, SUNOL ,TRUE,TRUE,1,37.615, -121.900,53,1524089,90,0,0 
